FLAG,Avg min between sent tnx,Avg min between received tnx,Time Diff between first and last (Mins),Sent tnx,Received Tnx,Number of Created Contracts,Unique Received From Addresses,Unique Sent To Addresses,min value received,max value received ,avg val received,min val sent,max val sent,avg val sent,min value sent to contract,max val sent to contract,avg value sent to contract,total transactions (including tnx to create contract,total Ether sent,total ether received,total ether sent contracts,total ether balance, Total ERC20 tnxs, ERC20 total Ether received, ERC20 total ether sent, ERC20 total Ether sent contract, ERC20 uniq sent addr, ERC20 uniq rec addr, ERC20 uniq sent addr.1, ERC20 uniq rec contract addr, ERC20 min val rec, ERC20 max val rec, ERC20 avg val rec, ERC20 min val sent, ERC20 max val sent, ERC20 avg val sent
0,844.26,1093.71,704785.63,721,89,0,40,118,0,45.806785,6.589513,0,31.22,1.200681,0,0,0,810,865.6910932,586.4666748,0,-279.2244185,265,35588543.78,35603169.52,0,30,54,0,58,0,15000000,265586.1476,0,16830998.35,271779.92
0,9520.7,5776.32,78197.58,7,2,0,2,4,0.095,0.265159,0.180079,0,0.133441,0.037563,0,0,0,9,0.262941117,0.36015854,0,0.097217423,3,8.001,0,0,0,2,0,2,0.001,5,2.667,0,0,0
1,37242.7,149.56,670817.33,18,3,0,1,5,0.795233,18998,6333.265078,0.9,1000,644.427778,0,0,0,21,11599.7,18999.79523,0,7400.095233,44,60070.75179,0,0,0,37,0,42,0,20180.614,1365.244359,0,0,0
0,36.61,10707.77,382472.42,4598,20,1,7,19,0,12.802411,2.671095,0,9,0.022688,0,0,0,4619,104.3188828,53.4218965,0,-50.89698629,42,162829.6609,123539.9329,0,4,23,0,27,0,90000,4934.232147,0,45000,13726.65922
1,2499.44,2189.29,261601.88,67,43,0,31,44,0.001078,21.31,1.234192,0.004,9.5,0.922179,0,0,0,110,61.78599493,53.07025157,0,-8.715743362,5,1503.469504,0,0,0,5,0,5,0,1500,300.693901,0,0,0
